[{"type":"user","name":"maxogden"}
,{"type":"repo","name":"mux-demux","user":"dominictarr"}
,{"type":"user","name":"juliangruber"}
,{"type":"repo","name":"multilevel","user":"juliangruber"}
,{"type":"repo","name":"voxel-engine","user":"maxogden"}
,{"type":"user","name":"rvagg"}
,{"type":"repo","name":"leveldown","user":"rvagg"}
,{"type":"repo","name":"level-sublevel","user":"dominictarr"}
,{"type":"repo","name":"level-merkle","user":"dominictarr"}
,{"type":"repo","name":"levelup","user":"rvagg"}
,{"type":"repo","name":"concat-stream","user":"maxogden"}
,{"type":"repo","name":"through","user":"dominictarr"}
,{"type":"user","name":"dominictarr"}]
